{
	"name" : "WE WP plugin",
	"slug" : "ae-wp-plugin",
	"author" : "<a href='https://americaneagle.com'>Sajid @ American Eagle</a>",
	"author_profile" : "https://profiles.wordpress.org/sajiddesigner",
    	"donate_link" : "https://americaneagle.com",
	"version" : "1.1.2",
	"download_url" : "https://github.com/sajidmanzoor10p/ae-wp-plugin/releases/download/1.1.2/ae-wp-plugin.zip",
	"requires" : "5.6", 
	"tested" : "6.4",
	"requires_php" : "5.6",
    	"added" : "2024-12-18 02:10:00",
	"last_updated" : "2024-12-16 10:07:00",
    	"homepage" : "https://americaneagle.com",
	"sections" : {
		"description" : "AE Plugin Update Test.",
		"installation" : "Click the activate button and that's it.",
		"changelog" : "<h4>v1.1.0 released on Dec 12th, 2024</h4><ul><li>Fixed: PHP 8 warnings and errors</li><li>Improvement: Site cloning will copy current source content folder over to new /content/:id:/</li><li>Improvement: Refresh WP Freighter configs on plugin update</li></ul><h4>v1.1.1 released on March 18th, 2023</h4><ul><li>Fixed: PHP 8 issues</li></ul><h4>v1.1 released on December 29th, 2022</h4><ul><li>Feature: Free for everyone. Removed EDD integration. Automatic updates integrated with Github release.</li><li>Improvement: Add settings link to plugin page.</li></ul><h4>v1.0.2 released on August 21, 2021</h4><ul><li>Fixed: Bad logic where configurations weren’t always regenerated after sites changed.</li><li>Fixed: Various PHP warnings.</li></ul><h4>v1.0.1 released on September 18, 2020</h4><ul><li>Feature: Will automatically install default theme when creating new sites if needed.</li><li>Improvement: Shows overlay loader while new sites are installing.</li><li>Improvement: Added fields for domain or label on the new site dialog.</li><li>Improvement: Compatibility for alternative wp-config.php location.</li><li>Improvement: Force HTTPS in urls.</li><li>Fixed: Inconsistent response of sites array.</li></ul><h4>v1.0.0 released on September 9, 2020</h4><ul><li>Initial release of WP Freighter. Ability to add or remove stacked sites with database prefix <code>stacked_#_</code>.</li><li>Feature: Clone existing site to new database prefix</li><li>Feature: Add new empty site to new database prefix</li><li>Feature: Domain mapping off or on</li><li>Feature: Files shared or dedicated</li></ul>"
	},
	"banners" : {
		"low" : "https://raw.githubusercontent.com/sajidmanzoor10p/ae-wp-plugin/refs/heads/main/ae-wp-plugin/public/ae-plugin-banner-772X250.jpg",
		"high" : "https://raw.githubusercontent.com/sajidmanzoor10p/ae-wp-plugin/refs/heads/main/ae-wp-plugin/public/ae-plugin-banner.jpg"
	}
}